Number of groups: 167
Maximum group size: 6
Group criteria: first_name


-Group 000-        6 students
Abagail,Gricewood,agricewood6c@pen.io,2,Criminology,Communication Studies,,
Abba,Saffer,asaffer7u@behance.net,11,Anthropology,,Sociology,
Abbey,Denerley,adenerleydt@printfriendly.com,5,Accounting,Statistics,Psychology,
Abie,Golsworthy,agolsworthyd8@nih.gov,2,Criminology,Communication Studies,,
Abram,Chessman,achessmanr4@netvibes.com,4,Journalism,History,,
Addy,Niccolls,aniccollsi9@imgur.com,9,Music,,Mathematics,

-Group 001-        6 students
Addy,Worsall,aworsallhw@themeforest.net,5,Accounting,Psychology,Statistics,
Adelle,Gras,agrasjl@independent.co.uk,5,Women & Gender Studies,Statistics,Psychology,
Adlai,Navein,anavein3x@aol.com,7,Interactive Mulitmedia,,,
Agace,Gage,agageqr@sun.com,13,Computer Science,,,
Agata,Sturm,asturmr2@nyu.edu,3,Journalism,,,
Agatha,Footer,afooter15@imdb.com,13,Computer Science,,,

-Group 002-        6 students
Agathe,Cabera,acaberamd@xrea.com,4,Journalism,,History,
Aida,Gomersall,agomersallmq@youku.com,7,Finance,,Computer Science,
Aidan,Burdoun,aburdoun33@facebook.com,7,Interdisciplinary Studies,,,
Aindrea,Boyan,aboyan8b@theguardian.com,8,Mathematics,,Interactive Mulitmedia,
Aindrea,Norbury,anorburyq0@ifeng.com,6,Computer Science,,,
Ainslee,Gravet,agravetlv@4shared.com,2,Criminology,Communication Studies,,

-Group 003-        6 students
Alan,Mico,amicoci@hp.com,4,History,,Finance,
Aleda,Leguay,aleguay11@phoca.cz,1,Biomedical Engineering,Art History,African American Studies,Women & Gender Studies
Alex,Colcomb,acolcomb4y@woothemes.com,12,Nursing,,,
Alexandre,Flucks,afluckskk@amazon.co.jp,13,Mechanical Engineering,,,
Alexei,Dannell,adannellnk@w3.org,7,Finance,,,
Alexis,Baunton,abaunton7t@t-online.de,5,African American Studies,Women & Gender Studies,Statistics,

-Group 004-        6 students
Alford,Macro,amacron8@un.org,15,Mathematics,,,
Alfred,Dorrity,adorrity95@wufoo.com,4,Journalism,History,,
Alikee,Mochar,amochar3j@unesco.org,1,Anthropology,,Women & Gender Studies,Sociology
Alister,Demko,ademkone@youku.com,10,Statistics,,Psychology,
Allegra,Mainland,amainland9u@google.pl,3,English,Economics,,
Allegra,Kamen,akamencq@tripadvisor.com,9,Philiosophy,,Music,

-Group 005-        6 students
Alley,De Giorgio,adegiorgiol0@last.fm,3,English,,,
Allie,Giraldo,agiraldoqz@studiopress.com,4,Journalism,Interactive Mulitmedia,,
Allister,Lilywhite,alilywhitegz@europa.eu,4,History,,Criminology,
Allsun,Thacke,athackefe@canalblog.com,3,Physics,,,
Allx,Candlish,acandlishn5@opera.com,3,Finance,Economics,,
Allyn,Silberschatz,asilberschatz8v@exblog.jp,3,Computer Engineering,,,

-Group 006-        6 students
Alon,Setterfield,asetterfieldo5@elpais.com,3,Finance,,,
Alphard,Scarlett,ascarlettex@bbb.org,2,Women & Gender Studies,,,
Alvera,Tolcharde,atolchardem9@live.com,4,Computer Science,,,
Alysa,MacGahey,amacgaheya6@cdbaby.com,15,Physics,,,
Amalee,Joris,ajoriscu@cafepress.com,14,Sociology,,,
Amara,Farenden,afarendena8@list-manage.com,13,Psychology,,,

-Group 007-        6 students
Amelia,MacTrustrie,amactrustriee9@harvard.edu,9,Psychology,,Music,
Ameline,Blakeston,ablakestone6@creativecommons.org,5,Music,Mathematics,Journalism,
Anabella,Wedgbrow,awedgbrowm1@cornell.edu,9,Philiosophy,,,
Anderson,Entreis,aentreisr5@discovery.com,4,Journalism,Interactive Mulitmedia,,
Andrei,Nalder,analderij@wiley.com,15,Chemistry,,,
Angel,Barrable,abarrablerh@businesswire.com,11,Statistics,,,

-Group 008-        6 students
Angel,Gillis,agillis1w@webeden.co.uk,1,Biomedical Engineering,Anthropology,Accounting,Women & Gender Studies
Angeli,Trorey,atroreygu@intel.com,2,Computer Engineering,Communication Studies,,
Angelia,Falconer,afalconerqp@abc.net.au,13,Computer Science,,,
Angelia,Jays,ajaysdx@examiner.com,2,Computer Engineering,Chemistry,Anthropology,
Anneliese,Ivanonko,aivanonkoak@skype.com,6,Communication Studies,,Biomedical Engineering,
Anni,Huckabe,ahuckabenv@aol.com,14,Computer Science,,,

-Group 009-        6 students
Anni,Grigoire,agrigoire9z@huffingtonpost.com,7,Interdisciplinary Studies,,Finance,
Annis,Gerlack,agerlackbi@cbsnews.com,13,Criminology,,,
Anthia,Traviss,atravisser@liveinternet.ru,8,Music,,,
Antoinette,Buckie,abuckieap@ustream.tv,3,English,Criminology,,
Aprilette,Storcke,astorcke28@google.de,3,Interdisciplinary Studies,,,
Ara,Breyt,abreytc8@miibeian.gov.cn,5,Biomedical Engineering,,Accounting,

-Group 010-        6 students
Archibold,Broschke,abroschke4m@altervista.org,11,Criminology,,,
Archy,Domino,adomino7q@shutterfly.com,12,Women & Gender Studies,,,
Ardys,Sirmon,asirmoneo@shareasale.com,5,Journalism,Interdisciplinary Studies,,
Ariadne,Angood,aangoodeq@netlog.com,8,Mechanical Engineering,,,
Ariana,Zelake,azelakefn@etsy.com,5,Communication Studies,,Biology,
Arlen,Traice,atraice9j@webnode.com,5,African American Studies,Women & Gender Studies,,

-Group 011-        6 students
Arman,Spon,asponla@washington.edu,10,Sociology,,Political Science,Philiosophy
Artair,Cicetti,acicetti40@de.vu,8,Mathematics,,Health & Exercise Science,
Arthur,Henken,ahenkenj0@examiner.com,10,Women & Gender Studies,,,
Artur,MacAndreis,amacandreisqq@dell.com,15,Computer Science,,,
Arturo,Duke,adukemm@odnoklassniki.ru,10,Accounting,,Psychology,
Aryn,Breens,abreenskx@washington.edu,2,Computer Engineering,Chemistry,Biology,

-Group 012-        6 students
Asher,Olyfant,aolyfantcf@google.pl,4,English,Economics,,
Ashli,De Pietri,adepietrii2@dell.com,12,Criminology,,,
Atalanta,Ramsey,aramseydf@phpbb.com,2,Interdisciplinary Studies,,,
Auberon,Lodwig,alodwig6m@bloomberg.com,15,Mechanical Engineering,,,
Aubree,Noirel,anoirelfd@nba.com,9,Philiosophy,,Music,
Aubrey,Sarten,asarten34@tmall.com,5,Journalism,Interdisciplinary Studies,,

-Group 013-        6 students
Audie,Pickvance,apickvance79@kickstarter.com,3,English,,Computer Science,
Aurie,Donan,adonan9i@icq.com,10,Accounting,,Psychology,
Averil,Loomes,aloomesas@ocn.ne.jp,4,History,,English,
Avis,Skokoe,askokoeku@deliciousdays.com,5,Biology,,Accounting,
Baldwin,Jaggard,bjaggardpl@utexas.edu,14,Computer Science,,,
Bank,Dow,bdowoh@webmd.com,12,Psychology,,,

-Group 014-        6 students
Barclay,Boast,bboastd4@artisteer.com,1,Chemistry,Art History,,
Barde,Skeene,bskeeneqe@csmonitor.com,6,Computer Science,,Chemistry,
Baron,Paulton,bpaultonca@google.de,5,Communication Studies,,Biology,Accounting
Baron,Freckleton,bfreckletond9@4shared.com,13,Electrical Engineering,,,
Barrie,Yielding,byieldingj2@ezinearticles.com,5,Accounting,Psychology,Statistics,
Bart,Vallentin,bvallentincn@nasa.gov,11,Mechanical Engineering,,,

-Group 015-        6 students
Bartholomeo,Rief,briefq5@marriott.com,6,Computer Science,,,
Bartie,Bert,bberta@hubpages.com,2,Computer Science,Communication Studies,Art History,
Bartlet,Hillburn,bhillburnea@blogs.com,14,Sociology,,,
Bartolomeo,Goddert.sf,bgoddertsfck@behance.net,7,Interdisciplinary Studies,,Finance,
Basil,Trusty,btrustyio@google.ca,3,English,,Computer Science,
Basilio,Eam,beam8i@tripod.com,13,Psychology,,,

-Group 016-        6 students
Baxie,Dansey,bdanseyo9@reverbnation.com,12,Psychology,,,
Beatrix,Algate,balgate7f@accuweather.com,4,Journalism,History,,
Beaufort,Hablot,bhablot78@timesonline.co.uk,13,Electrical Engineering,,,
Bella,Birtonshaw,bbirtonshaw6d@storify.com,6,Electrical Engineering,,Computer Science,
Bendicty,Harses,bharses29@mapquest.com,4,Journalism,Interactive Mulitmedia,,
Benjie,Dahmke,bdahmkepk@ucsd.edu,12,Computer Science,,,

-Group 017-        6 students
Benjy,Dumbleton,bdumbletono4@state.gov,13,Criminology,,,
Bennie,Bidgod,bbidgodfi@furl.net,9,Women & Gender Studies,,Political Science,
Bentley,Custed,bcustedic@technorati.com,12,Psychology,,,
Berget,Lenthall,blenthall8a@marketwatch.com,14,Journalism,,,
Berkly,Brace,bbracehj@tripod.com,3,Finance,Economics,,
Bernadene,Lowbridge,blowbridgeo7@disqus.com,15,Journalism,,,

-Group 018-        6 students
Bernadette,Franzewitch,bfranzewitch7e@baidu.com,7,Interdisciplinary Studies,,,
Berne,Sorby,bsorby9@wisc.edu,2,Computer Engineering,Chemistry,,
Bernelle,Grishmanov,bgrishmanovbr@hc360.com,8,Mathematics,,Interdisciplinary Studies,
Berny,Sillick,bsillickko@aboutads.info,10,Psychology,,Political Science,
Berny,Deppen,bdeppen36@mediafire.com,12,Mechanical Engineering,,,
Berrie,Vennings,bvenningslp@123-reg.co.uk,10,Sociology,,Political Science,Philiosophy

-Group 019-        6 students
Berte,Barbara,bbarbarann@time.com,8,Mathematics,,Interactive Mulitmedia,Health & Exercise Science
Berti,Jozefiak,bjozefiakb7@de.vu,14,Economics,,,
Berti,Gabits,bgabits3h@auda.org.au,10,Accounting,,,
Beryle,Marcussen,bmarcussenr7@shareasale.com,15,Journalism,,,
Beryle,Abbotts,babbotts4a@taobao.com,9,Women & Gender Studies,,,
Betsey,Prawle,bprawlebj@symantec.com,1,Electrical Engineering,,,

-Group 020-        6 students
Betti,Trengrouse,btrengrouseqw@wordpress.org,7,Journalism,,Health & Exercise Science,
Biddie,Gladtbach,bgladtbachhl@jimdo.com,4,Journalism,Interactive Mulitmedia,,
Billie,Presswell,bpresswellhs@nasa.gov,5,Sociology,Psychology,,
Birdie,Rois,brois1y@arizona.edu,5,Communication Studies,,Biology,Accounting
Birgit,Calderwood,bcalderwoodjc@youku.com,4,Journalism,,History,
Blake,Goghin,bgoghinjj@newsvine.com,5,Sociology,Political Science,,

-Group 021-        6 students
Blinnie,Spur,bspurqk@ebay.co.uk,6,Computer Science,,Chemistry,
Blinny,Wadlow,bwadlowmb@flavors.me,7,Finance,,,
Bobine,Hotton,bhotton2k@weibo.com,11,Women & Gender Studies,,Sociology,
Bondy,Noteyoung,bnoteyoungms@china.com.cn,15,Journalism,,,
Bonita,MacRanald,bmacranald2g@sina.com.cn,5,Political Science,Philiosophy,,
Bonni,Hanrahan,bhanrahanik@printfriendly.com,6,Communication Studies,,Biomedical Engineering,

-Group 022-        6 students
Bonnibelle,Adams,badamso1@usda.gov,9,Psychology,,,
Brady,Bidgod,bbidgodnf@issuu.com,9,Women & Gender Studies,,Political Science,
Branden,Tschirasche,btschiraschedy@bandcamp.com,7,Computer Science,,,
Branden,Summersett,bsummersett1l@craigslist.org,9,Political Science,,Philiosophy,
Bren,Samarth,bsamarthgf@prlog.org,5,Journalism,Interdisciplinary Studies,,
Brendan,Roddan,broddan6e@domainmarket.com,3,English,,Computer Science,

-Group 023-        6 students
Brewster,Calafato,bcalafatof6@sphinn.com,3,English,Criminology,,
Brigitte,McKeady,bmckeadyam@sakura.ne.jp,6,Computer Science,,Chemistry,
Brinn,Salmon,bsalmonrk@deviantart.com,2,History,,,
Britney,Benning,bbenninggc@washingtonpost.com,3,English,Criminology,,
Britte,Bullus,bbullus55@myspace.com,9,Women & Gender Studies,,Political Science,
Brittni,Rodie,brodie19@phpbb.com,2,Finance,,,

-Group 024-        6 students
Brnaba,Kenningley,bkenningleyaj@umn.edu,5,Chemistry,Women & Gender Studies,Anthropology,
Brod,Klosser,bklosser1k@linkedin.com,14,Physics,,,
Bryana,Rizzi,brizzie7@nymag.com,9,Philiosophy,,Music,
Brynne,Bazek,bbazek57@webnode.com,5,Accounting,Statistics,Psychology,
Bryon,Seven,bsevengp@google.co.jp,7,Economics,,Computer Science,
Bunni,Dreinan,bdreinanw@cocolog-nifty.com,10,Accounting,,Psychology,

-Group 025-        6 students
Burnaby,Ockland,bocklandrd@uiuc.edu,10,Statistics,,Psychology,
Burton,Clausner,bclausneris@tripod.com,8,Mathematics,,,
Byran,Trustey,btrustey3r@usgs.gov,3,Criminology,,Computer Science,
Cad,Matz,cmatzja@indiegogo.com,15,Finance,,,
Caesar,Aldwich,caldwich43@java.com,8,Nursing,,Journalism,
Cam,Lamacraft,clamacraftk0@squidoo.com,5,Music,Mathematics,Interdisciplinary Studies,

-Group 026-        6 students
Cam,Barttrum,cbarttrump7@oakley.com,2,Computer Science,Communication Studies,Art History,
Camala,Spacie,cspacie1n@statcounter.com,10,Sociology,,Political Science,Philiosophy
Cami,Skin,cskinn2@amazonaws.com,3,Chemistry,,,
Carissa,Vardey,cvardeyj4@google.co.uk,12,Chemistry,,,
Carla,Dunkinson,cdunkinson9q@cbc.ca,2,Computer Engineering,Chemistry,,
Carly,Woolhouse,cwoolhouse2i@techcrunch.com,11,Sociology,,,

-Group 027-        6 students
Carma,Antosik,cantosik9c@ameblo.jp,11,Political Science,,,
Carmon,Masurel,cmasurelcj@ocn.ne.jp,7,Interactive Mulitmedia,,English,
Carolin,Elnor,celnoroy@mit.edu,10,Statistics,,,
Carolin,Tankus,ctankusiu@infoseek.co.jp,8,Music,,,
Carolyn,Bertson,cbertson8h@studiopress.com,11,Political Science,,,
Carolyne,Zorzoni,czorzoni1p@indiegogo.com,7,Women & Gender Studies,,,

-Group 028-        6 students
Caron,Antonetti,cantonetti3w@yellowpages.com,7,History,,,
Casie,Normington,cnormingtonoz@weebly.com,6,Computer Science,,,
Casper,Shirtcliffe,cshirtcliffe8w@reddit.com,6,Computer Science,,Chemistry,
Cassaundra,Novkovic,cnovkovicv@clickbank.net,7,Economics,,Computer Science,
Cassie,Savage,csavage5s@moonfruit.com,2,Music,,,
Cassie,Zorener,czorenerrb@europa.eu,8,Journalism,,Health & Exercise Science,

-Group 029-        6 students
Catherina,Reuss,creuss4b@topsy.com,7,Economics,,Computer Science,
Catina,Aistrop,caistropls@nbcnews.com,5,Accounting,Statistics,Psychology,
Catlee,Stile,cstileqt@alibaba.com,6,Computer Science,,Communication Studies,
Cayla,Ortzen,cortzen6g@4shared.com,1,Health & Exercise Science,,,
Ced,Bortoli,cbortolign@infoseek.co.jp,11,Statistics,,,
Ceil,Mabbe,cmabbent@statcounter.com,9,Statistics,,Physics,

-Group 030-        6 students
Celka,Blackaller,cblackaller5f@wired.com,2,Computer Engineering,Chemistry,Biology,
Cello,Faulds,cfauldscm@columbia.edu,8,Mathematics,,Interdisciplinary Studies,
Chad,Utridge,cutridge6z@tinyurl.com,1,Anthropology,,Women & Gender Studies,
Chan,Hollingshead,chollingsheadk6@photobucket.com,10,Women & Gender Studies,,,
Chance,Lorenzin,clorenzin1z@guardian.co.uk,15,Computer Engineering,,,
Chandal,McVey,cmcveyrp@wisc.edu,4,History,,Finance,

-Group 031-        6 students
Chandler,Yeo,cyeo4s@senate.gov,7,Interactive Mulitmedia,,,
Charisse,Mikalski,cmikalskig2@ask.com,9,Statistics,,Philiosophy,
Charlotta,Alliband,calliband14@stanford.edu,2,Computer Engineering,Chemistry,Biology,
Charlotte,Bernaciak,cbernaciakqj@meetup.com,2,Computer Science,Communication Studies,Art History,
Charlton,Sumner,csumner9f@stanford.edu,3,Statistics,,,
Charmian,Barden,cbardenb4@wordpress.org,11,Sociology,,,

-Group 032-        6 students
Che,Sale,csaleqb@ezinearticles.com,6,Computer Science,,,
Cherie,Skirvane,cskirvane27@devhub.com,7,Interactive Mulitmedia,,,
Cherilynn,Torbard,ctorbardds@e-recht24.de,7,Economics,,,
Cherri,Pflieger,cpflieger62@unc.edu,5,Accounting,Psychology,Statistics,
Chet,Pomery,cpomery3@squarespace.com,11,Anthropology,,Sociology,
Chiarra,Swyer-Sexey,cswyersexeypt@tmall.com,6,Computer Science,,Communication Studies,

-Group 033-        6 students
Chic,Kilbourn,ckilbourn9k@cbc.ca,1,Anthropology,,Women & Gender Studies,Sociology
Chick,Tellwright,ctellwright1b@hibu.com,3,History,,,
Chick,Hamm,chammqu@forbes.com,13,Computer Science,,,
Chrissie,Birney,cbirneyh4@lulu.com,11,Philiosophy,,,
Chrystal,Skakunas,cskakunas73@blogtalkradio.com,2,Chemistry,Biology,Art History,
Cicily,Zohrer,czohrerlh@qq.com,6,Finance,,,

-Group 034-        6 students
Claiborn,Di Biasi,cdibiasii@scribd.com,7,Interdisciplinary Studies,,,
Clarey,Kerans,ckerans98@studiopress.com,5,Music,Mathematics,Interdisciplinary Studies,
Claudina,Cursons,ccursons70@mayoclinic.com,1,Art History,,Women & Gender Studies,Statistics
Claus,Quenell,cquenell7k@cyberchimps.com,9,Philiosophy,,Music,
Clay,Jakubczyk,cjakubczykgd@buzzfeed.com,14,Finance,,,
Clementius,Curcher,ccurcherbd@chron.com,1,Biomedical Engineering,Anthropology,Accounting,Women & Gender Studies

-Group 035-        6 students
Clementius,Stemp,cstempfc@imgur.com,3,Music,,,
Clemmie,Dyte,cdytemt@goo.ne.jp,8,Mathematics,,,
Clive,Meineking,cmeinekingbx@posterous.com,15,Political Science,,,
Cob,Brushfield,cbrushfieldoa@time.com,9,Statistics,,Political Science,
Colas,Theis,ctheisal@eventbrite.com,2,Computer Engineering,Communication Studies,,
Collette,Drinkeld,cdrinkeld7a@amazon.com,7,Finance,,,

-Group 036-        6 students
Collie,Symons,csymonscd@redcross.org,3,Criminology,,Computer Science,
Concettina,Crack,ccrackbu@google.fr,12,Nursing,,,
Conney,Sulter,csulternc@umn.edu,10,Psychology,,Political Science,
Connor,Barnwell,cbarnwell6q@ucsd.edu,11,Physics,,,
Consuelo,Vardy,cvardyi7@squidoo.com,8,Mathematics,,Journalism,
Corella,Lightbourn,clightbourn2b@squidoo.com,14,Mechanical Engineering,,,

-Group 037-        6 students
Corey,Eadmeades,ceadmeadesiw@usgs.gov,13,Physics,,,
Corilla,Peel,cpeel6b@businessweek.com,6,Computer Science,,,
Cornelia,Tindle,ctindled1@google.com.br,11,Art History,,Women & Gender Studies,
Cornell,Chad,cchad2z@rediff.com,12,Finance,,,
Cornie,Liddon,cliddong0@a8.net,14,Psychology,,,
Corny,Kingswoode,ckingswoode5q@amazonaws.com,14,Mathematics,,,

-Group 038-        6 students
Corrie,Taffrey,ctaffrey4k@webeden.co.uk,2,Computer Engineering,Chemistry,,
Courtenay,Fann,cfannp1@google.com.hk,7,Finance,,,
Crawford,Riggs,criggsjb@networkadvertising.org,2,History,,,
Cristian,Geddis,cgeddisml@goo.gl,5,Women & Gender Studies,Statistics,,
Cyndia,Giraudy,cgiraudy7y@hubpages.com,5,Chemistry,Women & Gender Studies,Anthropology,
Cynthie,Cobbled,ccobbled2d@bigcartel.com,12,Nursing,,,

-Group 039-        6 students
Dacy,Roselli,droselli8m@seattletimes.com,7,Economics,,Computer Science,
Daloris,Wisdish,dwisdishg9@angelfire.com,3,Computer Engineering,Communication Studies,,
Damiano,Presho,dpresho5r@bbc.co.uk,2,Mechanical Engineering,,,
Danette,Pirrey,dpirreyk4@people.com.cn,5,Sociology,Psychology,,
Danni,Jakubovits,djakubovits6o@digg.com,14,Nursing,,,
Dannie,Innwood,dinnwoodpm@netscape.com,14,Computer Science,,,

-Group 040-        6 students
Danny,Flounders,dflounders60@networkadvertising.org,13,Women & Gender Studies,,,
Daphna,Arnow,darnowep@about.me,8,Mathematics,,Interactive Mulitmedia,Health & Exercise Science
Darcy,Wishart,dwishartho@trellian.com,8,Music,,Journalism,
Darda,Garbutt,dgarbutt2l@joomla.org,3,Economics,,Computer Science,
Dare,Clementi,dclementiay@un.org,5,Music,Mathematics,Journalism,
Darice,Pyburn,dpyburn2p@techcrunch.com,11,Art History,,Women & Gender Studies,

-Group 041-        6 students
Darrick,McAlees,dmcalees7o@amazonaws.com,15,Sociology,,,
Darsie,Hardcastle,dhardcastleki@hhs.gov,4,Journalism,Interactive Mulitmedia,,
Daryn,Glastonbury,dglastonbury6w@51.la,3,Economics,,Computer Science,
Davina,Wilfling,dwilflingcl@spiegel.de,8,Journalism,,Health & Exercise Science,
Davita,Jaumet,djaumet3c@oracle.com,14,Psychology,,,
Debbi,Lamprecht,dlamprechtem@is.gd,14,Finance,,,

-Group 042-        6 students
Debora,Barten,dbartenq9@ted.com,2,Computer Science,Communication Studies,Art History,
Dede,Chanders,dchandersjn@cloudflare.com,5,Accounting,Statistics,Psychology,
Deedee,Rikard,drikard91@multiply.com,2,Health & Exercise Science,,,
Deina,Gravey,dgraveyn9@gizmodo.com,13,Mechanical Engineering,,,
Dela,Thying,dthyingh0@liveinternet.ru,7,Journalism,,Health & Exercise Science,
Delainey,Pietrzak,dpietrzakf3@omniture.com,1,Computer Engineering,,,

-Group 043-        6 students
Delilah,Jacklin,djacklin45@exblog.jp,9,Physics,,Music,Mathematics
Delly,Byre,dbyrem@intel.com,5,Music,Mathematics,Journalism,
Delmer,Tolussi,dtolussi77@digg.com,3,Criminology,,Computer Science,
Deloria,Tremain,dtremain82@ibm.com,3,Criminology,,Computer Science,
Demeter,Nibley,dnibley9y@jigsy.com,7,Interactive Mulitmedia,,,
Derwin,Slaney,dslaneyog@salon.com,8,Mathematics,,,

-Group 044-        6 students
Devina,Gringley,dgringleyau@imageshack.us,7,Interdisciplinary Studies,,Finance,
Dew,Hassewell,dhassewell7g@cdc.gov,8,Mathematics,,Interdisciplinary Studies,
Dewain,Bramont,dbramont9s@slashdot.org,11,Criminology,,,
Diana,Livingstone,dlivingstone9t@cnn.com,14,Electrical Engineering,,,
Dianna,Syms,dsyms2e@dot.gov,9,Philiosophy,,Music,
Dick,Shearmur,dshearmurlj@flavors.me,5,Journalism,Interdisciplinary Studies,,

-Group 045-        6 students
Dill,Hardey,dhardeybo@nba.com,7,Interactive Mulitmedia,,English,
Dinny,Gebbe,dgebbemf@liveinternet.ru,13,Mechanical Engineering,,,
Dione,Medlicott,dmedlicottg5@sciencedaily.com,15,Accounting,,,
Domeniga,Garnson,dgarnson64@freewebs.com,1,Anthropology,,Women & Gender Studies,
Donn,Danigel,ddanigel9e@blogspot.com,12,Sociology,,,
Donnie,Lathy,dlathyp8@zdnet.com,2,Criminology,Communication Studies,,

-Group 046-        6 students
Donnie,Micklewicz,dmicklewiczf1@godaddy.com,1,Chemistry,Biology,,
Dore,Sleith,dsleith30@123-reg.co.uk,3,Health & Exercise Science,,,
Doretta,Hanhard,dhanharddc@chronoengine.com,13,Health & Exercise Science,,,
Doria,Deeming,ddeeming3p@163.com,2,Computer Engineering,Chemistry,,
Dorthy,Hounson,dhounson92@hubpages.com,4,History,Finance,Criminology,
Dottie,Dufaire,ddufairerf@npr.org,10,Statistics,,Psychology,

-Group 047-        6 students
Doug,Hofton,dhofton10@domainmarket.com,1,Biology,African American Studies,,
Dov,Tandy,dtandylu@indiatimes.com,3,Computer Science,,,
Drew,Towhey,dtowhey2f@mysql.com,4,Physics,,,
Drud,Whitwam,dwhitwamqs@sbwire.com,15,Computer Science,,,
Duff,Rennock,drennock3t@themeforest.net,3,English,,Computer Science,
Duff,MacAvaddy,dmacavaddyb3@intel.com,9,Psychology,,Music,

-Group 048-        6 students
Dugald,Ion,dionc6@yandex.ru,1,Art History,,Women & Gender Studies,Statistics
Eamon,Ondrich,eondrichhk@amazon.co.jp,4,History,Finance,,
Eartha,Vint,evintod@earthlink.net,5,Finance,,,
Eddie,Eilles,eeillesra@home.pl,4,Journalism,History,,
Eddy,Dransfield,edransfieldo6@weibo.com,4,History,Finance,Criminology,
Eddy,Whipp,ewhippfs@ucoz.com,14,Finance,,,

-Group 049-        6 students
Ede,Greswell,egreswellqd@xing.com,13,Computer Science,,,
Eduard,Renyard,erenyardg8@msu.edu,5,Communication Studies,,Biology,Accounting
Egbert,Meaney,emeaneye4@imdb.com,15,Mathematics,,,
El,Deare,edeareiv@digg.com,9,Philiosophy,,Music,
Eleanor,Shirrell,eshirrellle@fda.gov,2,Chemistry,Biology,Art History,
Eleanora,Boyack,eboyackct@artisteer.com,9,Psychology,,,

-Group 050-        6 students
Elisabet,Ollerearnshaw,eollerearnshaw83@nyu.edu,1,Electrical Engineering,,,
Ellen,Marchiso,emarchisoi5@friendfeed.com,4,History,,Finance,
Ellen,Duffin,eduffinnz@nasa.gov,4,Journalism,History,,
Elna,Lavens,elavens8j@blogspot.com,14,Sociology,,,
Eloisa,Kime,ekimem7@paypal.com,10,Accounting,,Psychology,
Elspeth,Livard,elivardr1@prlog.org,14,Journalism,,,

-Group 051-        6 students
Elvera,Kneafsey,ekneafsey1m@indiatimes.com,14,Psychology,,,
Elwyn,Murrock,emurrockb@cpanel.net,15,Criminology,,,
Ema,Kingsnode,ekingsnodejy@europa.eu,14,Mathematics,,,
Emilee,Ungerecht,eungerechtq3@latimes.com,9,Computer Science,,,
Emili,Fransson,efranssonl7@homestead.com,9,Philiosophy,,Music,
Emlyn,Sirett,esirett9h@bloomberg.com,7,Economics,,Computer Science,

-Group 052-        6 students
Emlyn,Gellert,egellert69@google.cn,6,Communication Studies,,Biomedical Engineering,
Emma,Ridout,eridoutm2@vk.com,2,Physics,,,
Emmalynn,Greengrass,egreengrassn0@merriam-webster.com,10,Women & Gender Studies,,,
Emmey,Reisen,ereisenah@jalbum.net,1,Biology,Anthropology,,
Enrico,Gellion,egellionr0@gov.uk,4,Journalism,Interactive Mulitmedia,,
Ephrem,Jakobsson,ejakobssonew@over-blog.com,9,Statistics,,Physics,

-Group 053-        6 students
Erek,Grinyov,egrinyovb9@tinypic.com,13,African American Studies,,,
Erick,Dykas,edykasdw@mashable.com,5,Communication Studies,,Biomedical Engineering,
Ermentrude,Vinck,evinckng@hostgator.com,5,Accounting,Psychology,Statistics,
Erna,Bridgen,ebridgeni1@nyu.edu,2,Computer Science,Communication Studies,Art History,
Erny,Kolodziejski,ekolodziejskipq@hexun.com,14,Computer Science,,,
Erny,Gatiss,egatissil@eepurl.com,2,Computer Engineering,Chemistry,African American Studies,

-Group 054-        6 students
Erroll,Benton,ebentonkj@psu.edu,8,Mathematics,,Interactive Mulitmedia,
Erv,Queste,equesteb2@nbcnews.com,2,Political Science,,,
Ervin,Orpyne,eorpyneow@51.la,1,Mathematics,,,
Estele,Lubman,elubmane3@macromedia.com,15,Journalism,,,
Estella,Tremblet,etrembletg3@so-net.ne.jp,4,Women & Gender Studies,,,
Ethe,Todarello,etodarelloe8@intel.com,4,Physics,,,

-Group 055-        6 students
Ethelin,Carrabott,ecarrabottce@paypal.com,7,Electrical Engineering,,Computer Science,
Etheline,Parlott,eparlottga@list-manage.com,6,Computer Science,,,
Eula,Pellatt,epellatthy@cbc.ca,1,Chemistry,,,
Evania,Godspeede,egodspeedei3@ted.com,3,English,,,
Everard,James,ejamescv@sourceforge.net,9,Statistics,,Physics,
Evin,Beiderbeck,ebeiderbeckmv@t-online.de,11,Philiosophy,,,

-Group 056-        6 students
Ewell,Packman,epackmanp3@typepad.com,1,Journalism,,,
Fairleigh,Smithen,fsmithenp9@ycombinator.com,3,Finance,,,
Fairleigh,Esilmon,fesilmon8f@theguardian.com,9,Philiosophy,,Music,
Fairlie,Schistl,fschistlfl@1688.com,1,Biology,Anthropology,,
Fairlie,Brudenell,fbrudenellfv@aboutads.info,8,Mathematics,,Interactive Mulitmedia,
Fayette,Gerssam,fgerssam6s@ask.com,13,Psychology,,,

-Group 057-        6 students
Fayth,Guwer,fguwer5e@wordpress.com,6,Communication Studies,,Biomedical Engineering,
Fedora,Comiskey,fcomiskeyig@zimbio.com,3,Economics,,Computer Science,
Felic,Cambridge,fcambridge44@cnbc.com,9,Philiosophy,,Music,
Felicio,Calven,fcalven3o@unc.edu,12,Communication Studies,,,
Feodor,Easum,feasumaq@fema.gov,7,Finance,,,
Fidole,Merrydew,fmerrydewmz@ning.com,9,Statistics,,,

-Group 058-        6 students
Filberte,Gofford,fgoffordrg@indiegogo.com,13,Statistics,,,
Fionna,McMahon,fmcmahon9r@baidu.com,6,Computer Science,,Chemistry,
Fitz,Farren,ffarrenec@arstechnica.com,13,Women & Gender Studies,,,
Flemming,Keuneke,fkeunekeeg@ca.gov,1,Chemistry,Biology,Anthropology,Women & Gender Studies
Flin,Wantling,fwantlingjr@blogspot.com,2,Computer Engineering,Communication Studies,,
Flossie,Dabel,fdabelhc@japanpost.jp,1,Biology,African American Studies,,

-Group 059-        6 students
Fonz,Mattussevich,fmattussevichfk@paginegialle.it,15,Accounting,,,
Forrester,Spanton,fspantono@com.com,9,Philiosophy,,Music,
Fran,Aspinall,faspinallae@un.org,5,African American Studies,Women & Gender Studies,Statistics,
Frances,Fermin,ffermingk@woothemes.com,13,Physics,,,
Franciska,Sycamore,fsycamore7z@netvibes.com,5,Communication Studies,,Biology,
Frankie,Darbey,fdarbeymu@sciencedirect.com,12,Mechanical Engineering,,,

-Group 060-        6 students
Frants,Peaurt,fpeaurtbn@liveinternet.ru,4,History,Finance,,
Frasco,Wheal,fwhealhq@reddit.com,13,Physics,,,
Fraser,Tubritt,ftubrittav@mac.com,8,Journalism,,,
Freddi,Brundale,fbrundalebc@marriott.com,1,Biology,,Accounting,
Freedman,Frean,ffreanoj@alexa.com,13,Computer Science,,,
Friedrick,Ellerington,felleringtonf2@toplist.cz,6,Communication Studies,,Biomedical Engineering,

-Group 061-        6 students
Gabbie,McGuire,gmcguire8g@stumbleupon.com,15,Physics,,,
Gabie,Grissett,ggrissett6r@ovh.net,5,Political Science,Philiosophy,,
Gabriele,Peacham,gpeachamgm@geocities.jp,5,Sociology,Psychology,,
Gael,Doutch,gdoutcha0@wisc.edu,4,Journalism,History,,
Gale,Brinkler,gbrinklerfo@time.com,2,Computer Engineering,Chemistry,,
Gale,Broxis,gbroxisf5@theguardian.com,11,Criminology,,,

-Group 062-        6 students
Galven,Hildrew,ghildrew2h@accuweather.com,14,Psychology,,,
Gardy,Bembridge,gbembridgejz@yandex.ru,8,Mechanical Engineering,,,
Garner,Trustrie,gtrustrie2m@cisco.com,5,Accounting,Psychology,Statistics,
Garnet,Lorant,glorant1r@google.pl,5,Accounting,Women & Gender Studies,Statistics,
Garwood,Farquharson,gfarquharsonka@booking.com,5,Chemistry,Women & Gender Studies,Anthropology,
Gaven,Drayson,gdrayson99@utexas.edu,13,Nursing,,,

-Group 063-        6 students
Gayle,Bartolomucci,gbartolomuccia4@adobe.com,8,Nursing,,,
Gearalt,Pischof,gpischofnr@geocities.com,10,Psychology,,Political Science,
Genna,Bernardet,gbernardetp0@cornell.edu,11,Criminology,,,
Geoff,Boncore,gboncoren4@nih.gov,11,Criminology,,,
Geoffry,Heaford,gheaforde@paginegialle.it,7,Finance,,Computer Science,
Georges,Copcote,gcopcoteha@reference.com,3,Economics,,Computer Science,

-Group 064-        6 students
Georgianne,De Anesy,gdeanesy63@seesaa.net,5,African American Studies,Women & Gender Studies,Sociology,
Gerianna,Damrel,gdamrelf4@statcounter.com,12,Computer Science,,,
Gerianne,Peatheyjohns,gpeatheyjohnsba@liveinternet.ru,11,Anthropology,,Sociology,
Gerome,Menendes,gmenendes48@blogtalkradio.com,15,Sociology,,,
Gianina,McKitterick,gmckitterick3i@twitpic.com,15,African American Studies,,,
Gianna,Donohoe,gdonohoeg1@clickbank.net,12,Sociology,,,

-Group 065-        6 students
Gilbertine,Chidgey,gchidgeyl2@weibo.com,7,History,,Criminology,
Gina,Hanaby,ghanaby4@dyndns.org,1,Art History,,Women & Gender Studies,Statistics
Ginnifer,Hamnett,ghamnettht@yahoo.co.jp,13,Statistics,,,
Ginny,Laxon,glaxon81@bluehost.com,6,Computer Science,,,
Giordano,Ashdown,gashdownnu@google.co.jp,9,Women & Gender Studies,,,
Giorgia,Brayley,gbrayleyjp@amazon.co.jp,1,Chemistry,Art History,,

-Group 066-        6 students
Giralda,Cator,gcatorh8@symantec.com,10,Statistics,,Psychology,
Glennis,Winckles,gwincklesd@digg.com,4,English,Economics,,
Glyn,Fiddymont,gfiddymont7l@bandcamp.com,9,Physics,,Music,Mathematics
Glynnis,Gregoire,ggregoirend@ustream.tv,5,Sociology,Political Science,,
Goldarina,Sill,gsill7r@hhs.gov,3,Economics,Criminology,Computer Science,
Gonzales,Jordin,gjordin2c@creativecommons.org,5,Music,Mathematics,,

-Group 067-        6 students
Gorden,Renzullo,grenzullo4h@fastcompany.com,2,Biomedical Engineering,,,
Gottfried,Dumbleton,gdumbletonej@newyorker.com,13,Computer Science,,,
Gottfried,Haldene,ghaldene9g@ycombinator.com,10,Women & Gender Studies,,,
Gracia,Poge,gpoge9o@yale.edu,1,Chemistry,,,
Gradey,Kimbury,gkimburyl3@ning.com,14,Journalism,,,
Grata,Nazareth,gnazarethkq@bizjournals.com,10,Statistics,,Psychology,

-Group 068-        6 students
Grayce,Talbot,gtalbotqx@patch.com,7,Journalism,,Health & Exercise Science,
Greer,Laity,glaity5n@xinhuanet.com,7,Interactive Mulitmedia,,English,
Gregoor,Ingree,gingreedn@people.com.cn,5,Political Science,Philiosophy,,
Gregorio,Earengey,gearengeypf@craigslist.org,13,Computer Science,,,
Guillema,Byllam,gbyllam3v@baidu.com,11,Health & Exercise Science,,,
Gwynne,Hanrott,ghanrottfp@amazon.co.jp,14,Computer Science,,,

-Group 069-        6 students
Halie,Crossley,hcrossley9l@webmd.com,11,Art History,,,
Hall,MacIver,hmaciverou@wufoo.com,4,History,,English,
Hamnet,Cord,hcordgw@sakura.ne.jp,12,Criminology,,,
Hans,Halsall,hhalsallkh@xrea.com,4,History,Finance,Criminology,
Harmon,Matiasek,hmatiasek8r@dropbox.com,11,Biology,,Women & Gender Studies,
Harp,Botha,hbotha6p@deliciousdays.com,9,Philiosophy,,Music,

-Group 070-        6 students
Harrietta,Andreasson,handreasson7d@soundcloud.com,11,Interactive Mulitmedia,,,
Harriot,Pillifant,hpillifantfr@senate.gov,3,English,,Computer Science,
Hartwell,Seldon,hseldon13@shareasale.com,5,Communication Studies,,Biology,
Haskell,Edwick,hedwick8k@livejournal.com,10,Statistics,,,
Haskell,Maylam,hmaylamao@dot.gov,15,Electrical Engineering,,,
Haslett,Bruckenthal,hbruckenthalbm@plala.or.jp,11,Health & Exercise Science,,,

-Group 071-        6 students
Hazel,Gibson,hgibsonp2@dedecms.com,4,History,Finance,Criminology,
Hedda,Lilloe,hlilloek3@earthlink.net,9,Psychology,,Music,
Heloise,Sherme,hshermepv@apple.com,6,Computer Science,,Chemistry,
Helsa,Iacomi,hiacomir9@craigslist.org,4,Journalism,Interactive Mulitmedia,,
Henriette,Dovydenas,hdovydenasd6@indiegogo.com,2,Computer Engineering,Chemistry,,
Henrik,Nevison,hnevisonny@joomla.org,4,History,Finance,,

-Group 072-        6 students
Hephzibah,Swayland,hswayland2u@xrea.com,2,Computer Engineering,Chemistry,,
Heriberto,Oakley,hoakley6t@instagram.com,15,Sociology,,,
Herman,Barsham,hbarshamcz@mozilla.org,5,African American Studies,Women & Gender Studies,Statistics,
Hermione,Upcott,hupcottcg@dailymotion.com,10,Finance,,,
Hermione,Meates,hmeateslk@deviantart.com,15,Mathematics,,,
Herold,MacGorman,hmacgormank5@networksolutions.com,9,Statistics,,,

-Group 073-        6 students
Hertha,Flohard,hflohardd2@netvibes.com,1,Biology,African American Studies,,
Hilliard,Sarah,hsarahd7@youtube.com,6,Computer Science,,Chemistry,
Hillier,Dan,hdanj6@wikia.com,2,Computer Engineering,Chemistry,,
Hilton,Stieger,hstiegerjw@google.it,3,History,,,
Hollyanne,Bortoluzzi,hbortoluzzi67@jigsy.com,5,Biomedical Engineering,,Accounting,
Horatia,Christmas,hchristmasop@uiuc.edu,12,Psychology,,,

-Group 074-        6 students
Howey,D'Almeida,hdalmeida84@joomla.org,3,English,Criminology,,
Hugo,Reymers,hreymerseb@goo.gl,10,Statistics,,,
Hugo,Hardistry,hhardistryel@baidu.com,3,English,,,
Hurley,Sherebrook,hsherebrook89@yandex.ru,3,Interdisciplinary Studies,,,
Hy,Castellaccio,hcastellacciof9@digg.com,4,Journalism,History,,
Hyacinthe,Tinto,htinto3f@cbslocal.com,3,Women & Gender Studies,,,

-Group 075-        6 students
Ian,Whitewood,iwhitewoodek@uiuc.edu,3,Criminology,,Computer Science,
Ilene,Swin,iswin4c@google.com,5,Accounting,Psychology,Statistics,
Imogene,Holehouse,iholehousek@twitpic.com,14,Mathematics,,,
Inesita,Brixey,ibrixeyaz@yahoo.com,11,Nursing,,,
Inez,Caris,icaris5p@nsw.gov.au,4,Journalism,,History,
Inge,Besson,ibessonu@scientificamerican.com,9,Women & Gender Studies,,Political Science,

-Group 076-        6 students
Inger,McColm,imccolm16@hhs.gov,15,Criminology,,,
Innis,Genicke,igenicke6l@census.gov,8,Mathematics,,Interdisciplinary Studies,
Iosep,Deeks,ideeksqv@webs.com,12,Computer Science,,,
Isac,Ericsson,iericssoncp@zdnet.com,13,Nursing,,,
Isidoro,Sherrum,isherrumgj@shop-pro.jp,9,Philiosophy,,Music,
Issy,Payfoot,ipayfootc5@mediafire.com,1,Anthropology,,Women & Gender Studies,Sociology

-Group 077-        6 students
Iver,Popescu,ipopescuhg@cyberchimps.com,6,Computer Science,,,
Ives,Cyson,icysone1@army.mil,7,Finance,,Computer Science,
Ivett,Kopman,ikopman3b@salon.com,5,Political Science,Philiosophy,,
Jack,Logue,jlogue2v@clickbank.net,6,Computer Science,,,
Jack,De Carteret,jdecarteret1i@cafepress.com,12,Nursing,,,
Jacobo,Frise,jfrisero@discuz.net,4,History,Finance,Criminology,

-Group 078-        6 students
Jamil,Salisbury,jsalisburygb@pinterest.com,2,Criminology,,,
Janean,Izzat,jizzatll@nymag.com,14,Mechanical Engineering,,,
Jania,Pound,jpoundgi@delicious.com,9,Music,,Mathematics,
Jany,Gianolini,jgianolini76@techcrunch.com,6,Computer Science,,Communication Studies,Biology
Jaquelyn,Espadater,jespadaterkv@ucsd.edu,5,Chemistry,Women & Gender Studies,Anthropology,
Jaquenetta,Lesek,jlesek5@who.int,11,Biology,,,

-Group 079-        6 students
Jarrad,Christou,jchristou9x@wikispaces.com,7,History,,Criminology,
Jarrad,Mooney,jmooneyl1@twitter.com,15,Finance,,,
Jasen,Mates,jmatesbp@cnn.com,15,Interdisciplinary Studies,,,
Javier,Mackley,jmackleyh9@patch.com,11,Women & Gender Studies,,Sociology,
Jayson,Shieldon,jshieldon23@apple.com,3,English,,Computer Science,
Jeanelle,Galgey,jgalgeymg@reference.com,9,Philiosophy,,Music,

-Group 080-        6 students
Jehu,Dugan,jdugana1@slideshare.net,8,Mathematics,,,
Jerad,Gettings,jgettingsr6@cdbaby.com,4,Journalism,Interactive Mulitmedia,,
Jeremy,Iacovozzo,jiacovozzo5j@hubpages.com,3,English,,,
Jerome,Radclyffe,jradclyffebg@desdev.cn,2,Computer Engineering,,,
Jerrilee,Tummond,jtummondgx@telegraph.co.uk,3,English,,Computer Science,
Jerrine,Blunsum,jblunsumf@wp.com,11,Health & Exercise Science,,,

-Group 081-        6 students
Jesselyn,Aleavy,jaleavy6h@hostgator.com,7,History,,,
Joane,Hamstead,jhamsteadnq@europa.eu,9,Physics,,Music,Mathematics
Joeann,Riggoll,jriggolll@ustream.tv,2,Mechanical Engineering,,,
Joelle,Huffey,jhuffeym8@dailymotion.com,5,Chemistry,Women & Gender Studies,Anthropology,
Jolee,Denzilow,jdenzilow5v@redcross.org,12,Physics,,,
Joli,Chesney,jchesneydv@imageshack.us,5,Chemistry,Women & Gender Studies,Anthropology,

-Group 082-        6 students
Joly,Center,jcenterky@phpbb.com,12,Computer Science,,,
Jolyn,L'Hommeau,jlhommeau56@hexun.com,7,Economics,,Computer Science,
Jolyn,Gorwood,jgorwoodg4@cnet.com,13,Economics,,,
Jone,Bispo,jbispojo@webnode.com,1,Biology,,Accounting,
Jordain,Alldis,jalldis1j@elpais.com,11,Philiosophy,,,
Jordon,Hawker,jhawkerkb@over-blog.com,6,Communication Studies,,Biomedical Engineering,

-Group 083-        6 students
Jordon,Pierrepont,jpierrepontqh@usnews.com,6,Computer Science,,,
Jorge,Rodgier,jrodgier42@yolasite.com,9,Music,,Mathematics,
Jorie,Penburton,jpenburtonaf@uiuc.edu,11,Anthropology,,Sociology,
Judas,Meron,jmeronc7@baidu.com,1,Biology,Anthropology,,
Jude,Triggs,jtriggsdq@slashdot.org,4,Statistics,,,
Judie,Corde,jcorde7v@rambler.ru,11,Art History,,Statistics,

-Group 084-        6 students
Julia,Freiburger,jfreiburgerob@nydailynews.com,13,Computer Science,,,
Juliana,Kilbey,jkilbey5u@t.co,9,Philiosophy,,Music,
Juline,MacAlees,jmacalees8u@craigslist.org,5,Communication Studies,,Biology,Accounting
Justen,Constance,jconstance2y@amazonaws.com,3,English,Criminology,,
Justin,Guillou,jguilloupz@about.com,13,Computer Science,,,
Justine,Oloman,jolomanfb@desdev.cn,1,Mechanical Engineering,,,

-Group 085-        6 students
Justine,Beneix,jbeneix59@1und1.de,1,Anthropology,,Women & Gender Studies,
Justine,Lowmass,jlowmass8p@mayoclinic.com,1,Anthropology,,Women & Gender Studies,Sociology
Justino,Seamer,jseamerd0@home.pl,1,Anthropology,,Women & Gender Studies,
Kaitlynn,Zupone,kzupone54@java.com,8,Statistics,,,
Kaleb,Biggar,kbiggar94@yellowbook.com,7,Interdisciplinary Studies,,English,
Kanya,Jordin,kjordin6i@360.cn,7,Interactive Mulitmedia,,English,

-Group 086-        6 students
Karel,Antczak,kantczakco@opensource.org,11,Music,,,
Karen,Heading,kheading9n@senate.gov,1,Biomedical Engineering,Art History,African American Studies,Women & Gender Studies
Kari,Kneel,kkneelgt@hibu.com,6,Communication Studies,,Biomedical Engineering,
Karia,Curless,kcurless1q@posterous.com,12,Economics,,,
Karia,Dingsdale,kdingsdalen6@posterous.com,7,History,,Criminology,
Karia,Trudgeon,ktrudgeonmw@yelp.com,6,Physics,,,

-Group 087-        6 students
Karil,Aisman,kaisman9m@guardian.co.uk,1,Biology,,Accounting,
Karin,Geikie,kgeikiedg@mysql.com,4,Journalism,Interactive Mulitmedia,,
Kariotta,Christoffersen,kchristoffersenz@usda.gov,11,Art History,,Statistics,
Karleen,Westgarth,kwestgarthgs@eepurl.com,12,Chemistry,,,
Karlen,Tredget,ktredgetcs@ebay.co.uk,9,Political Science,,Philiosophy,
Karmen,Olifard,kolifardo8@xrea.com,1,Mathematics,,,

-Group 088-        6 students
Karney,Kelwaybamber,kkelwaybambert@livejournal.com,9,Statistics,,Physics,
Karoline,Haspineall,khaspinealld3@washingtonpost.com,1,Biomedical Engineering,Art History,African American Studies,Women & Gender Studies
Karoly,Yemm,kyemm2q@yolasite.com,5,Biology,,Accounting,
Karrah,Brigstock,kbrigstock3z@jiathis.com,4,Journalism,,History,
Kasper,Tour,ktourp6@usnews.com,4,Statistics,,,
Kattie,Stretton,kstrettonlg@psu.edu,3,Criminology,,,

-Group 089-        6 students
Katusha,Scotland,kscotlandoe@apache.org,2,History,,,
Kayla,Yanshin,kyanshinjk@nymag.com,13,Statistics,,,
Kayle,Jackett,kjackett87@hostgator.com,4,History,,Criminology,
Kayne,Wooton,kwootonos@ask.com,3,Criminology,,Computer Science,
Kean,Ratchford,kratchfordpc@fda.gov,2,Mathematics,,,
Keane,Walley,kwalleypa@utexas.edu,9,History,,,

-Group 090-        6 students
Keene,Goodfellowe,kgoodfellowe5c@sphinn.com,1,Biomedical Engineering,Art History,African American Studies,Women & Gender Studies
Kelbee,Paynton,kpaynton52@bing.com,9,Psychology,,Music,
Kellen,MacAirt,kmacairt8l@usa.gov,11,Women & Gender Studies,,Sociology,
Kellie,Matteau,kmatteaucc@creativecommons.org,15,Computer Science,,,
Kellsie,Kelling,kkelling6n@go.com,5,Music,Mathematics,,
Kenny,Pinck,kpinckdz@weibo.com,1,Criminology,,,

-Group 091-        6 students
Keri,Brodley,kbrodleyrj@psu.edu,9,Statistics,,Political Science,
Kerrill,Kas,kkas6a@bbb.org,2,Computer Engineering,Chemistry,Anthropology,
Kerry,Morrissey,kmorrisseyat@hubpages.com,7,Interactive Mulitmedia,,English,
Khalil,Linskey,klinskey2j@narod.ru,9,Statistics,,Physics,
Kilian,Cristou,kcristoui4@biblegateway.com,7,Finance,,Computer Science,
Killy,Castillou,kcastilloun3@creativecommons.org,12,Computer Science,,,

-Group 092-        6 students
Kimbra,Davidou,kdavidouje@patch.com,12,Mechanical Engineering,,,
Kingston,Le Moucheux,klemoucheux8z@bizjournals.com,3,English,Economics,,
Kipp,Austins,kaustins61@sina.com.cn,3,Economics,Computer Science,,
Kipp,Reinhard,kreinhardag@soup.io,11,Art History,,Women & Gender Studies,
Kipper,Paszak,kpaszakiz@storify.com,10,Statistics,,,
Kippie,Kail,kkailj3@ox.ac.uk,5,Biology,,Accounting,

-Group 093-        6 students
Kissiah,Burleigh,kburleighnb@craigslist.org,11,Physics,,,
Kittie,Vawton,kvawtoneh@vinaora.com,5,Communication Studies,,Biology,
Kristen,Collyer,kcollyerbf@ning.com,12,Communication Studies,,,
Kristina,Creighton,kcreightonks@princeton.edu,12,Economics,,,
Kyrstin,Chanson,kchanson5m@un.org,7,History,,Criminology,
L;urette,Honsch,lhonschkr@nymag.com,14,Women & Gender Studies,,,

-Group 094-        6 students
Lacie,Milton,lmilton1c@jimdo.com,7,Interactive Mulitmedia,,English,
Lance,Blaksley,lblaksley3k@businesswire.com,11,Art History,,Statistics,
Lanita,MacCahey,lmaccahey1t@1und1.de,1,Anthropology,,Women & Gender Studies,Sociology
Lannie,Hardie,lhardie65@g.co,1,Art History,,Women & Gender Studies,Statistics
Lauryn,Hilhouse,lhilhousea9@unesco.org,14,Sociology,,,
Lavina,Hedling,lhedlinggh@deviantart.com,14,Mechanical Engineering,,,

-Group 095-        6 students
Leanora,Maddaford,lmaddafordef@infoseek.co.jp,11,Biology,,Statistics,
Lefty,Nezey,lnezeyf8@intel.com,4,History,Finance,,
Leland,Lippitt,llippitth5@gizmodo.com,14,Physics,,,
Lemar,Mitie,lmitienj@google.fr,15,Criminology,,,
Lennard,Pinel,lpineli8@ebay.com,1,Mechanical Engineering,,,
Leola,Franchyonok,lfranchyonokol@cam.ac.uk,7,Finance,,Computer Science,

-Group 096-        6 students
Leoline,Evill,leville5@soup.io,13,Mechanical Engineering,,,
Leonie,Riping,lripinghz@quantcast.com,5,Communication Studies,,Biology,Accounting
Leonore,Dunridge,ldunridge2x@hao123.com,7,Electrical Engineering,,,
Leontyne,Abbe,labbemx@dion.ne.jp,9,Psychology,,,
Lesley,Shaudfurth,lshaudfurth7m@va.gov,3,Political Science,,,
Letizia,Thornber,lthornber4q@yahoo.com,3,Health & Exercise Science,,,

-Group 097-        6 students
Letta,Ciccoloi,lciccoloiom@mail.ru,7,History,,Criminology,
Liana,Foxhall,lfoxhallqf@creativecommons.org,13,Computer Science,,,
Lib,Liff,lliffox@sfgate.com,9,Psychology,,Music,
Lilian,Bilson,lbilsonhn@imageshack.us,8,Mechanical Engineering,,,
Linda,Dulieu,ldulieuie@engadget.com,10,Statistics,,Psychology,
Link,Dalgarnowch,ldalgarnowch4l@instagram.com,12,Computer Science,,,

-Group 098-        6 students
Lion,Seers,lseers5x@ibm.com,10,Psychology,,Political Science,
Lisette,Tussaine,ltussainejg@macromedia.com,9,Philiosophy,,,
Lisle,Ormonde,lormonde3e@ebay.com,10,Statistics,,,
Lissie,Borg,lborgni@blogs.com,2,Computer Science,Communication Studies,Art History,
Lissy,Stedson,lstedsonjs@hao123.com,6,Computer Science,,Chemistry,
Lizzie,Ryhorovich,lryhorovichmh@vistaprint.com,2,Physics,,,

-Group 099-        6 students
Lock,Kealy,lkealy8e@gizmodo.com,14,Nursing,,,
Loise,Aslott,laslottdb@51.la,3,Finance,Economics,,
Lonna,Hillen,lhillenfm@globo.com,5,Chemistry,Women & Gender Studies,Anthropology,
Loraine,Busch,lbuschme@cnbc.com,8,Mathematics,,Health & Exercise Science,
Loralee,Dingate,ldingate47@shutterfly.com,12,Psychology,,,
Loreen,Brockhurst,lbrockhurstb8@craigslist.org,5,Accounting,Statistics,Psychology,

-Group 100-        6 students
Lorelei,Antunez,lantunezq@nature.com,11,Political Science,,,
Loren,Rankin,lrankindd@parallels.com,2,History,,,
Lorry,Hankard,lhankardb5@java.com,13,Statistics,,,
Lorry,Garretts,lgarrettsin@deviantart.com,13,Criminology,,,
Lothario,Lindstrom,llindstromgv@wikipedia.org,6,Computer Science,,,
Louise,Wisdish,lwisdishpd@cbslocal.com,9,Psychology,,,

-Group 101-        6 students
Lucais,Shackle,lshackle17@reference.com,3,Electrical Engineering,,,
Ludovico,Kaliszewski,lkaliszewskimr@spiegel.de,4,History,,Criminology,
Ludovico,Mouth,lmouth39@lulu.com,9,Philiosophy,,Music,
Luigi,Deam,ldeam1u@craigslist.org,1,Art History,,Women & Gender Studies,Statistics
Luise,Maior,lmaiorcr@forbes.com,15,Physics,,,
Lula,Cohani,lcohani25@hostgator.com,12,Health & Exercise Science,,,

-Group 102-        6 students
Lurette,Kelledy,lkelledyo3@tuttocitta.it,14,Computer Science,,,
Lydia,Couser,lcouserdu@icq.com,1,Biology,African American Studies,,
Lynett,Sackett,lsackettmn@cnbc.com,2,Chemistry,,,
Lynnea,Vercruysse,lvercruysseia@stumbleupon.com,9,Philiosophy,,,
Lynnell,Carik,lcariken@photobucket.com,7,History,,Criminology,
Mac,Blacksell,mblacksellf7@comsenz.com,3,Finance,Economics,,

-Group 103-        6 students
Mack,Weatherill,mweatherillax@telegraph.co.uk,11,Mechanical Engineering,,,
Mackenzie,Briddle,mbriddleff@hostgator.com,9,Psychology,,,
Madella,Font,mfontj7@ihg.com,13,Computer Science,,,
Madge,Wapple,mwapplec4@alexa.com,5,African American Studies,Women & Gender Studies,,
Magnum,Becken,mbeckeno0@umn.edu,8,Mathematics,,Interactive Mulitmedia,
Maiga,Simmers,msimmersl9@aboutads.info,10,Psychology,,Political Science,

-Group 104-        6 students
Malory,Alcorn,malcornnw@vkontakte.ru,3,Criminology,Computer Science,,
Malvin,Essame,messamepe@noaa.gov,10,Statistics,,,
Manon,Tippell,mtippelldl@hexun.com,9,Philiosophy,,Music,
Marcela,Langworthy,mlangworthyqc@mozilla.org,6,Computer Science,,Communication Studies,
Marci,Lundberg,mlundbergrl@wikia.com,4,History,,English,
Marcille,Lear,mleardo@edublogs.org,14,Psychology,,,

-Group 105-        6 students
Marcy,Boldison,mboldisonkn@w3.org,11,Physics,,,
Margarita,Crosfeld,mcrosfeld4x@soundcloud.com,5,Music,Mathematics,,
Margeaux,Ventum,mventumiy@liveinternet.ru,14,Sociology,,,
Margi,Boog,mboogke@php.net,11,Criminology,,,
Maribeth,Matkovic,mmatkovic41@hatena.ne.jp,15,Mechanical Engineering,,,
Marieann,Yukhnov,myukhnovaw@slashdot.org,8,Mathematics,,Journalism,

-Group 106-        6 students
Marilyn,Fairnie,mfairnieh7@odnoklassniki.ru,13,Sociology,,,
Marion,Phalip,mphalip5o@imdb.com,1,Interdisciplinary Studies,,,
Marjory,Nesbit,mnesbitps@spiegel.de,6,Computer Science,,,
Marlo,MacCorley,mmaccorley4g@virginia.edu,11,Biology,,Statistics,
Marrilee,Nutley,mnutleyn1@edublogs.org,5,Accounting,Psychology,Statistics,
Martino,Isley,misley5y@cnn.com,14,Sociology,,,

-Group 107-        6 students
Martino,Rean,mreanq1@delicious.com,6,Computer Science,,,
Martita,Malloy,mmalloyhu@webeden.co.uk,11,Women & Gender Studies,,Sociology,
Marty,Coldbath,mcoldbath4t@symantec.com,7,Interdisciplinary Studies,,,
Martynne,Sheals,msheals1v@technorati.com,1,Biology,Anthropology,,
Marv,Wimmers,mwimmersql@posterous.com,7,Computer Science,,,
Marylin,Buncombe,mbuncombepi@accuweather.com,2,Computer Science,Communication Studies,Art History,

-Group 108-        6 students
Marylin,Gooly,mgoolych@webs.com,13,Health & Exercise Science,,,
Masha,Pigot,mpigotp5@jigsy.com,10,Psychology,,Political Science,
Matty,Yukhnini,myukhninim4@dropbox.com,15,Sociology,,,
Maurene,Kinghorne,mkinghorne18@shop-pro.jp,3,English,Economics,,
Maurie,Blouet,mblouetif@google.co.uk,9,Women & Gender Studies,,Political Science,
Maurita,Storres,mstorresmc@parallels.com,3,History,,,

-Group 109-        6 students
Maxie,Grigoli,mgrigoli5i@ucoz.ru,13,Electrical Engineering,,,
Maynord,Jenk,mjenk5b@qq.com,1,Biology,African American Studies,,
Mead,Rumbelow,mrumbelowmj@instagram.com,5,Sociology,Psychology,Philiosophy,
Meade,Bredgeland,mbredgelandr3@51.la,4,Journalism,,History,
Meagan,Preddle,mpreddlej8@umich.edu,2,Criminology,,,
Melania,Rosone,mrosonek2@mayoclinic.com,2,Physics,,,

-Group 110-        6 students
Melantha,Baldinotti,mbaldinotti4d@china.com.cn,5,African American Studies,Women & Gender Studies,Statistics,
Melisande,Gellert,mgellertbs@tamu.edu,13,Mechanical Engineering,,,
Mellisent,Jagson,mjagson1h@nba.com,5,Music,Mathematics,,
Melody,Ivanchenkov,mivanchenkovb0@mail.ru,9,Philiosophy,,Music,
Mercy,Delgaty,mdelgatydj@pbs.org,5,Music,Mathematics,,
Meridel,Hovenden,mhovendenkp@apache.org,14,Sociology,,,

-Group 111-        6 students
Michaela,Wandtke,mwandtkeft@amazon.co.jp,4,History,Health & Exercise Science,,
Mikey,Rowley,mrowleyov@hexun.com,5,Journalism,Interdisciplinary Studies,,
Mikkel,Miskin,mmiskinq8@cornell.edu,6,Computer Science,,Chemistry,
Mikol,Stanyland,mstanyland71@nih.gov,5,Biology,,Accounting,
Milissent,Drake,mdrake7h@ovh.net,13,Mechanical Engineering,,,
Mimi,Dunkersley,mdunkersleyqo@ustream.tv,13,Computer Science,,,

-Group 112-        6 students
Mindy,Arkow,markowoc@instagram.com,3,Criminology,Computer Science,,
Miner,Damiral,mdamiral51@delicious.com,12,Political Science,,,
Mirabel,Bendall,mbendallfy@nationalgeographic.com,11,Philiosophy,,,
Mirabella,Heaphy,mheaphy4z@biblegateway.com,9,Philiosophy,,Music,
Misha,Silcocks,msilcocks4w@csmonitor.com,3,Mechanical Engineering,,,
Molly,Alsop,malsophh@google.es,3,Criminology,Computer Science,,

-Group 113-        6 students
Monah,Medland,mmedland1x@soundcloud.com,1,Chemistry,,Accounting,
Monro,Lambird,mlambirdlm@senate.gov,9,Philiosophy,,Music,
Mora,Synder,msynderdm@irs.gov,3,Physics,,,
Mordy,Kordovani,mkordovanig6@shareasale.com,11,Biology,,,
Morena,Offord,moffordrn@techcrunch.com,4,History,Finance,,
Morissa,Tokley,mtokley8q@globo.com,1,Art History,,Women & Gender Studies,

-Group 114-        6 students
Morris,Conkling,mconklingld@telegraph.co.uk,5,Accounting,Statistics,Psychology,
Murry,Massinger,mmassingerh3@prlog.org,5,Music,Mathematics,Interdisciplinary Studies,
Murry,Walcot,mwalcotcb@whitehouse.gov,2,Computer Engineering,Communication Studies,,
Mylo,Cokayne,mcokayneor@amazonaws.com,12,Computer Science,,,
Myrna,Klus,mklusip@state.tx.us,14,Finance,,,
Nalani,Hollingsby,nhollingsbyl4@wisc.edu,14,Mathematics,,,

-Group 115-        6 students
Nancy,Lapre,nlapre6f@cocolog-nifty.com,14,Finance,,,
Nari,Heigl,nheiglfq@webmd.com,2,Criminology,Communication Studies,,
Natal,Chue,nchuenx@desdev.cn,7,Finance,,Computer Science,
Natalina,Burberow,nburberowln@mail.ru,11,Physics,,,
Natty,Mottershead,nmottershead20@macromedia.com,6,Computer Science,,,
Natty,Rycroft,nrycroftlz@mlb.com,2,Mathematics,,,

-Group 116-        6 students
Neely,McKillop,nmckillop9w@dailymotion.com,15,Health & Exercise Science,,,
Neila,Mishow,nmishowma@flavors.me,15,Criminology,,,
Neils,Barthel,nbarthelgq@zimbio.com,5,Accounting,Statistics,Psychology,
Nelie,Andreoletti,nandreolettia5@amazonaws.com,11,Philiosophy,,,
Nerita,McLauchlin,nmclauchlin4n@cbc.ca,15,Electrical Engineering,,,
Nerty,Cleiment,ncleiment2t@msu.edu,12,Communication Studies,,,

-Group 117-        6 students
Nestor,Pennicard,npennicard5d@state.tx.us,1,Chemistry,,,
Nev,Beavis,nbeavis2a@sphinn.com,8,Mathematics,,Interactive Mulitmedia,
Neville,Wollacott,nwollacott4e@chronoengine.com,11,Anthropology,,Statistics,
Nicholas,Tuison,ntuisonhm@google.com.br,8,Mathematics,,,
Nicolai,Avraham,navrahamq4@nytimes.com,2,Computer Science,Communication Studies,,
Nikolaus,Silkston,nsilkstonly@pinterest.com,5,Journalism,Interdisciplinary Studies,,

-Group 118-        6 students
Ninette,Zecchinelli,nzecchinelliqi@usda.gov,5,Computer Science,,,
Niven,Birks,nbirks5h@google.de,11,Criminology,,,
Noam,Grovier,ngrovier7b@amazon.co.uk,13,Health & Exercise Science,,,
Nolie,Gailor,ngailor3q@simplemachines.org,13,Computer Science,,,
Nomi,Benjamin,nbenjaminc2@globo.com,3,Economics,,Computer Science,
Norby,Neaverson,nneaversonk8@photobucket.com,5,Accounting,Psychology,Statistics,

-Group 119-        6 students
Norene,Rosenbaum,nrosenbaummp@un.org,2,Criminology,,,
Norrie,Alcorn,nalcorndk@hao123.com,8,Nursing,,Journalism,
Nydia,Giraudoux,ngiraudoux1s@usda.gov,10,African American Studies,,,
Octavius,Lamplugh,olamplughge@ihg.com,4,History,,Criminology,
Odette,Kenealy,okenealydi@salon.com,14,Mechanical Engineering,,,
Ogden,Nolton,onoltonet@theglobeandmail.com,15,Physics,,,

-Group 120-        6 students
Ogdon,Wilbud,owilbud9p@spotify.com,5,Communication Studies,,Biology,
Ola,Lob,olobmk@reference.com,9,Statistics,,Physics,
Olenka,Ganderton,ogandertoney@nytimes.com,3,Economics,,Computer Science,
Olive,Teresa,oteresa93@dropbox.com,7,Interactive Mulitmedia,,,
Olva,Lazonby,olazonbyhx@amazon.com,11,Biology,,,
Olva,Dillamore,odillamore86@hugedomains.com,12,Health & Exercise Science,,,

-Group 121-        6 students
Onfroi,Hawkswell,ohawkswellei@tripadvisor.com,2,Computer Engineering,Chemistry,Anthropology,
Orren,Pickup,opickup8n@alexa.com,5,Accounting,Psychology,Statistics,
Osbert,Willerstone,owillerstonelx@prlog.org,4,History,Health & Exercise Science,,
Ossie,Walisiak,owalisiakm5@yahoo.co.jp,8,Statistics,,,
Ottilie,MacAllester,omacallestero2@uol.com.br,9,Statistics,,Physics,
Pablo,Hoppner,phoppnerir@soundcloud.com,4,Journalism,Interactive Mulitmedia,,

-Group 122-        6 students
Padraig,McFarland,pmcfarlandh1@chicagotribune.com,15,Mathematics,,,
Pail,Marusik,pmarusikab@mashable.com,15,Women & Gender Studies,,,
Pam,Augie,paugie1e@studiopress.com,4,Journalism,,History,
Pamela,O'Kuddyhy,pokuddyhyqa@amazon.co.uk,6,Computer Science,,,
Pamella,Merrett,pmerrett4f@npr.org,11,Art History,,Women & Gender Studies,
Pascal,Gianni,pgiannicw@sohu.com,5,Women & Gender Studies,Statistics,,

-Group 123-        6 students
Patric,Okroy,pokroyri@symantec.com,10,Statistics,,Psychology,
Paulo,Concklin,pconcklinlr@irs.gov,12,Women & Gender Studies,,,
Pearl,Downs,pdownsix@mayoclinic.com,12,Psychology,,,
Pearline,Pavelin,ppavelin7@yandex.ru,1,Chemistry,,,
Pedro,Baldelli,pbaldelliqm@webmd.com,2,Computer Science,Communication Studies,,
Peggi,Wolfer,pwolferfx@rakuten.co.jp,8,Music,,Journalism,

-Group 124-        6 students
Penelope,Deval,pdevalmy@usatoday.com,12,Sociology,,,
Pennie,Christoffersen,pchristoffersenb1@icq.com,12,Physics,,,
Penny,Coppins,pcoppins3a@nifty.com,12,Physics,,,
Pepe,Smallbone,psmallbone8d@unc.edu,3,Music,,,
Percival,Giddens,pgiddensjx@tripadvisor.com,4,Journalism,Interactive Mulitmedia,,
Petronilla,Younger,pyoungerj9@tumblr.com,4,English,Economics,,

-Group 125-        6 students
Peyter,Jarnell,pjarnell74@ebay.co.uk,6,Communication Studies,,Biomedical Engineering,
Philippine,Draper,pdraperr@mashable.com,13,Psychology,,,
Phylys,Bocken,pbockenbe@flavors.me,1,Chemistry,Art History,,
Powell,Tratton,ptratton3s@techcrunch.com,4,Electrical Engineering,,,
Quincy,Monger,qmongerc0@imgur.com,9,Statistics,,Philiosophy,
Quinta,Ragles,qraglesar@usgs.gov,2,Health & Exercise Science,,,

-Group 126-        6 students
Rachelle,Mulhill,rmulhillc3@ask.com,5,Accounting,Psychology,Statistics,
Raffarty,Muccino,rmuccino6u@dion.ne.jp,9,Statistics,,Philiosophy,
Raina,Caffrey,rcaffreypo@discuz.net,2,Computer Science,Communication Studies,Art History,
Ram,Perott,rperottai@theguardian.com,1,Biomedical Engineering,,,
Ram,Le Noury,rlenouryhe@jiathis.com,5,Communication Studies,,Biology,
Rance,Gallo,rgallolw@usnews.com,7,Finance,,Computer Science,

-Group 127-        6 students
Randee,Deguara,rdeguaralc@bloglovin.com,12,Women & Gender Studies,,,
Randi,Pettie,rpettiep@npr.org,1,Physics,,,
Rani,Madeley,rmadeleya2@unblog.fr,15,Mechanical Engineering,,,
Rania,Wilbraham,rwilbrahamr8@cornell.edu,8,Journalism,,,
Raviv,Pegrum,rpegrum46@auda.org.au,1,Political Science,,,
Rebbecca,Stryde,rstrydede@businesswire.com,7,Interactive Mulitmedia,,,

-Group 128-        6 students
Reeba,Elsom,relsomeu@yellowbook.com,13,Psychology,,,
Reena,Flintoft,rflintoftit@godaddy.com,13,Mechanical Engineering,,,
Regine,Ditch,rditchh6@ebay.co.uk,12,Psychology,,,
Reinhold,Baugham,rbaughamrc@springer.com,4,Journalism,,History,
Reinwald,Eloi,reloifj@npr.org,3,Economics,,Computer Science,
Renelle,Ratt,rratt1f@hao123.com,2,Mathematics,,,

-Group 129-        6 students
Reuben,Trubshawe,rtrubshaweg@multiply.com,5,History,,,
Reynolds,Dominici,rdominici9v@flickr.com,7,Finance,,,
Rhiamon,Rozea,rrozea8o@amazonaws.com,5,African American Studies,Women & Gender Studies,Statistics,
Rhonda,Gaitskell,rgaitskellhi@hostgator.com,3,English,,,
Ricardo,Sabine,rsabine72@fotki.com,2,Biomedical Engineering,,,
Ricardo,Caldaro,rcaldaro5t@macromedia.com,11,Nursing,,,

-Group 130-        6 students
Rina,Bourthouloume,rbourthouloume8@washingtonpost.com,11,Communication Studies,,,
Riordan,Cleminson,rcleminsonh2@163.com,12,Mechanical Engineering,,,
Risa,Haestier,rhaestierq2@umich.edu,13,Computer Science,,,
Roanna,Ceney,rceney2n@princeton.edu,5,African American Studies,Women & Gender Studies,Sociology,
Roarke,St Ledger,rstledgerqy@mediafire.com,5,Journalism,Interdisciplinary Studies,,
Robby,Lewson,rlewsonpb@behance.net,14,Journalism,,,

-Group 131-        6 students
Rochester,Horrod,rhorrod6j@topsy.com,14,Interdisciplinary Studies,,,
Rodd,Attkins,rattkins8x@about.com,11,Criminology,,,
Rogerio,Coppeard,rcoppeardnh@devhub.com,5,Chemistry,Women & Gender Studies,Anthropology,
Rollin,Blackborow,rblackborow2r@hp.com,5,Biomedical Engineering,,Accounting,
Romola,Wandrey,rwandrey6@wikia.com,10,Biomedical Engineering,,,
Ronni,Sellars,rsellarsfh@ca.gov,2,Statistics,,,

-Group 132-        6 students
Rory,Burehill,rburehillm3@ted.com,9,Psychology,,Philiosophy,
Rory,Irnis,rirnislo@marriott.com,14,Psychology,,,
Rosalind,Stiell,rstiell31@vistaprint.com,3,History,,,
Rosaline,Aron,raron2s@youtu.be,1,Chemistry,Art History,,
Roselin,Mulholland,rmulhollandju@cbslocal.com,4,English,Economics,,
Rosella,Knill,rknilloi@pinterest.com,9,Statistics,,Physics,

-Group 133-        6 students
Rosette,Old,roldkm@booking.com,9,Philiosophy,,Music,
Row,Crossgrove,rcrossgrovekw@cafepress.com,12,Communication Studies,,,
Rowland,Mosey,rmoseypy@newsvine.com,6,Computer Science,,Chemistry,
Roxana,Thayre,rthayre97@archive.org,3,Mechanical Engineering,,,
Rutger,Cadigan,rcadigan68@seattletimes.com,1,Chemistry,Art History,,
Ruthi,Calloway,rcalloway8c@gov.uk,12,Mechanical Engineering,,,

-Group 134-        6 students
Sabra,Roder,sroderbh@parallels.com,6,Computer Science,,,
Saidee,Zamora,szamora7s@blogspot.com,5,Accounting,Psychology,Statistics,
Salim,Aiston,saistoni6@cpanel.net,4,Journalism,History,,
Sallyann,Durrant,sdurranta7@flickr.com,13,Political Science,,,
Salmon,Pointon,spointon3u@imgur.com,1,Finance,,,
Salomi,Stokell,sstokell0@addthis.com,7,Economics,,,

-Group 135-        6 students
Samara,Loveard,sloveardof@alibaba.com,15,Journalism,,,
Sampson,Gammidge,sgammidgeok@dyndns.org,13,Criminology,,,
Samuele,Torrecilla,storrecilla88@slashdot.org,7,Interactive Mulitmedia,,,
Sanson,Marrington,smarringtonad@whitehouse.gov,5,Accounting,Women & Gender Studies,Statistics,
Sapphira,Yoxen,syoxenph@51.la,14,Computer Science,,,
Sara,Broomhall,sbroomhallfw@geocities.jp,11,Mechanical Engineering,,,

-Group 136-        6 students
Sarajane,Bullerwell,sbullerwell50@yandex.ru,11,Physics,,,
Saree,Buncom,sbuncomoo@spiegel.de,8,Mathematics,,Interactive Mulitmedia,
Sarina,Domokos,sdomokosiq@tinypic.com,7,History,,Criminology,
Saunderson,Spray,sspray6y@theglobeandmail.com,5,African American Studies,Women & Gender Studies,,
Saxon,Robillart,srobillartpj@comcast.net,6,Computer Science,,,
Sayres,Zanni,szannihf@dot.gov,3,Computer Engineering,Communication Studies,,

-Group 137-        6 students
Schuyler,Wardlaw,swardlawjq@tiny.cc,5,Communication Studies,,Biology,
Scotty,Packham,spackham2@flickr.com,1,African American Studies,,,
Selene,Kibblewhite,skibblewhite5k@washingtonpost.com,14,Finance,,,
Selene,Witard,switardj5@people.com.cn,5,Communication Studies,,Biology,
Sephira,Shilstone,sshilstonean@diigo.com,3,Criminology,,,
Seumas,Callinan,scallinanpw@ibm.com,12,Computer Science,,,

-Group 138-        6 students
Seymour,Duffell,sduffell3d@miibeian.gov.cn,13,Sociology,,,
Shadow,Cromar,scromarq6@shareasale.com,12,Computer Science,,,
Shaine,Butterfield,sbutterfield1g@marketwatch.com,11,Mechanical Engineering,,,
Shandeigh,Hinkes,shinkes53@china.com.cn,14,Sociology,,,
Shandy,Whetnell,swhetnelljm@irs.gov,7,Economics,,,
Shari,Descroix,sdescroixb6@ask.com,12,Women & Gender Studies,,,

-Group 139-        6 students
Sharl,Corneille,scorneillekg@sina.com.cn,7,Finance,,Computer Science,
Sharleen,Lax,slaxez@eepurl.com,10,Accounting,,Psychology,
Sharlene,Cason,scason90@nsw.gov.au,3,Finance,,,
Shayla,Vorley,svorley49@myspace.com,6,Statistics,,,
Shaylynn,Murden,smurden4r@joomla.org,4,History,,Finance,
Sheelagh,Wickersley,swickersleys@cdbaby.com,5,Sociology,,,

-Group 140-        6 students
Shelby,Snugg,ssnuggfg@tiny.cc,9,Sociology,,Philiosophy,
Shelly,Stodit,sstodited@dion.ne.jp,7,Economics,,,
Shem,Wegenen,swegenen75@weibo.com,2,Computer Engineering,Communication Studies,,
Shepard,Reeme,sreeme35@sciencedirect.com,2,Mathematics,,,
Sheppard,Quirke,squirkepg@boston.com,6,Computer Science,,,
Sheri,Kissack,skissackdh@free.fr,14,Mathematics,,,

-Group 141-        6 students
Sherlock,Hindenberger,shindenbergerfa@ucoz.ru,14,Mathematics,,,
Sherye,Niche,sniche58@photobucket.com,15,African American Studies,,,
Shirlee,Ullett,sullett37@delicious.com,8,Music,,,
Shurlock,Agdahl,sagdahl21@histats.com,3,Criminology,Computer Science,,
Shurwood,Trownson,strownson1o@mac.com,4,Statistics,,,
Sibilla,Bronot,sbronotoq@oaic.gov.au,9,Statistics,,Political Science,

-Group 142-        6 students
Siegfried,Haill,shaillre@miibeian.gov.cn,13,Statistics,,,
Sigismondo,Roddan,sroddank1@pen.io,9,Philiosophy,,Music,
Silva,Skryne,sskryneii@quantcast.com,5,Biology,,Accounting,
Silvanus,Cockerill,scockerillrr@tamu.edu,7,History,,Criminology,
Simone,Cockle,scocklekl@stanford.edu,5,Music,Mathematics,Journalism,
Siward,Kleingrub,skleingrub5a@ucoz.ru,11,Art History,,Women & Gender Studies,Statistics

-Group 143-        6 students
Skell,Akers,sakersc1@dailymotion.com,9,Women & Gender Studies,,,
Skipper,Harper,sharperbz@sbwire.com,14,Sociology,,,
Skipton,Phillis,sphilliskc@sciencedaily.com,1,Computer Engineering,,,
Sly,Swinford,sswinford7p@dailymail.co.uk,3,Statistics,,,
Sol,Lorenc,slorenc32@spotify.com,7,Interactive Mulitmedia,,English,
Sollie,Kopec,skopecqn@indiegogo.com,6,Computer Science,,Communication Studies,

-Group 144-        6 students
Somerset,McCumesky,smccumeskyih@wikia.com,15,Accounting,,,
Somerset,Benoiton,sbenoitondr@oakley.com,9,Women & Gender Studies,,Political Science,
Spike,Kaiser,skaisernm@theguardian.com,14,Journalism,,,
Stacee,Paxman,spaxman4o@ft.com,3,English,,Computer Science,
Stanfield,Paul,spaulbb@storify.com,11,Art History,,Women & Gender Studies,
Stanford,Cockerill,scockerill26@biblegateway.com,7,History,,Criminology,

-Group 145-        6 students
Stanislas,Pettendrich,spettendrichgo@hatena.ne.jp,1,Women & Gender Studies,,,
Stanwood,Kettow,skettow8s@sciencedaily.com,1,Biomedical Engineering,Art History,African American Studies,Women & Gender Studies
Stefano,Mealiffe,smealiffe3n@craigslist.org,1,Chemistry,,Accounting,
Stephanus,Greer,sgreergg@ebay.co.uk,8,Mathematics,,Interdisciplinary Studies,
Stephen,Fulbrook,sfulbrookjd@parallels.com,8,Mathematics,,Interdisciplinary Studies,
Stephie,Itzcovich,sitzcovichid@friendfeed.com,14,Sociology,,,

-Group 146-        6 students
Stormie,Lettsom,slettsomjv@mit.edu,14,Finance,,,
Stormy,Tebald,stebaldbk@naver.com,3,English,,Computer Science,
Sunny,Vonderdell,svonderdellkf@youtube.com,3,English,,Computer Science,
Susanetta,Conyer,sconyer24@stumbleupon.com,7,Finance,,Computer Science,
Susanne,O'Lagen,solagenpx@soundcloud.com,6,Computer Science,,,
Sydney,Hakey,shakeym0@sciencedirect.com,13,Mechanical Engineering,,,

-Group 147-        6 students
Tabbatha,Unwins,tunwinsji@sina.com.cn,10,Psychology,,Political Science,
Tabbi,Terzi,tterzij1@sina.com.cn,7,Economics,,,
Tabbie,Poulgreen,tpoulgreenib@shareasale.com,1,Physics,,,
Tabbitha,Dooler,tdooler3g@yolasite.com,3,Economics,,Computer Science,
Tabby,Allabarton,tallabarton7j@si.edu,8,Nursing,,Journalism,
Taddeo,Tumayan,ttumayanhd@aol.com,8,Chemistry,,,

-Group 148-        6 students
Tades,Goudie,tgoudieev@webs.com,5,Sociology,Political Science,,
Tally,Franzonetti,tfranzonettim6@moonfruit.com,5,Women & Gender Studies,Statistics,,
Tamera,Chisnall,tchisnallgr@miibeian.gov.cn,1,Biology,African American Studies,,
Tami,Mayze,tmayze5z@state.tx.us,9,Statistics,,,
Tann,Sleet,tsleet7w@wikipedia.org,5,Biology,,Accounting,
Tara,House,thouse9d@chron.com,14,Psychology,,,

-Group 149-        6 students
Tarra,Rosas,trosas96@ebay.co.uk,2,Mathematics,,,
Tarrah,Mathelon,tmathelonmi@hatena.ne.jp,9,Psychology,,Music,
Tasia,Plunkett,tplunkett3m@behance.net,1,Biomedical Engineering,,,
Tate,Honeywood,thoneywood6v@archive.org,14,Women & Gender Studies,,,
Teddy,Shipston,tshipstonl6@gnu.org,3,Music,,,
Temple,Stayte,tstayte9b@woothemes.com,3,Physics,,,

-Group 150-        6 students
Terence,Lage,tlagehp@skyrock.com,9,Philiosophy,,Music,
Terri,Glavis,tglavislb@naver.com,13,Statistics,,,
Terrie,Gethouse,tgethouseqg@paypal.com,13,Computer Science,,,
Tersina,McGurn,tmcgurn5g@huffingtonpost.com,15,Computer Science,,,
Tess,Gard,tgard4j@ustream.tv,6,Communication Studies,,Biomedical Engineering,
Therese,Stephenson,tstephensonpu@creativecommons.org,6,Computer Science,,Communication Studies,

-Group 151-        6 students
Thoma,Berrecloth,tberreclotha3@github.com,11,Music,,,
Thomasin,Cesaric,tcesaricjh@altervista.org,12,Physics,,,
Thornie,Keune,tkeuneli@aboutads.info,4,History,,Criminology,
Thorpe,Grason,tgrasongl@dot.gov,13,Psychology,,,
Thorvald,Casino,tcasinokd@mysql.com,12,Computer Science,,,
Tildie,Odegaard,todegaardk7@gmpg.org,7,Economics,,Computer Science,

-Group 152-        6 students
Timotheus,Moynham,tmoynham38@cam.ac.uk,15,Nursing,,,
Tito,Hylden,thyldenn@tamu.edu,14,Nursing,,,
Titos,Thecham,tthecham5w@zimbio.com,9,Political Science,,Philiosophy,
Tobye,Mariot,tmariothr@bigcartel.com,9,Psychology,,Music,
Tobye,Ablott,tablottjt@live.com,3,Criminology,Computer Science,,
Tod,Ganforthe,tganforthed5@about.com,6,Communication Studies,,Biomedical Engineering,

-Group 153-        6 students
Toma,Pendlebery,tpendleberyhv@dailymail.co.uk,7,Economics,,Computer Science,
Tomasine,Megarrell,tmegarrell1@vistaprint.com,15,Accounting,,,
Tomi,Woodroff,twoodrofflq@upenn.edu,10,Statistics,,,
Tonie,Alstead,talsteadn7@bloomberg.com,4,Journalism,,History,
Tony,Knowlden,tknowldenac@dmoz.org,7,Economics,,Computer Science,
Tonye,Bunn,tbunnhb@artisteer.com,5,Accounting,Statistics,Psychology,

-Group 154-        6 students
Torie,Morrill,tmorrill1a@livejournal.com,15,Health & Exercise Science,,,
Town,Watson-Brown,twatsonbrownp4@webnode.com,8,Mathematics,,Journalism,
Travis,Leonard,tleonardjf@imgur.com,5,Music,Mathematics,Interdisciplinary Studies,
Trenton,Margerrison,tmargerrison2w@nature.com,15,Criminology,,,
Trista,Crum,tcrum5l@tamu.edu,12,Health & Exercise Science,,,
Tuck,Lipson,tlipson4i@eventbrite.com,1,Chemistry,,Anthropology,Women & Gender Studies

-Group 155-        6 students
Tuesday,Mower,tmower80@1688.com,15,Computer Engineering,,,
Tully,Duchasteau,tduchasteauq7@google.nl,6,Computer Science,,Chemistry,
Udell,Gething,ugethingl8@umich.edu,9,Physics,,Music,Mathematics
Ulises,Tresise,utresiserm@exblog.jp,4,History,,,
Ulises,Winston,uwinstonc@simplemachines.org,8,Electrical Engineering,,,
Ulla,Gissing,ugissingno@acquirethisname.com,13,Mechanical Engineering,,,

-Group 156-        6 students
Ulysses,Livard,ulivardkz@usatoday.com,14,Criminology,,,
Umberto,Bellhouse,ubellhouseda@nationalgeographic.com,11,English,,,
Urbain,Miell,umiellcy@jalbum.net,5,Accounting,Psychology,Statistics,
Ursulina,Geldart,ugeldartlt@howstuffworks.com,5,Chemistry,Women & Gender Studies,Anthropology,
Vachel,Pehrsson,vpehrssonby@elegantthemes.com,10,Psychology,,Political Science,
Vachel,Benedit,vbeneditim@upenn.edu,2,Computer Science,Communication Studies,Art History,

-Group 157-        6 students
Valry,Soughton,vsoughton6x@naver.com,5,Accounting,Psychology,Statistics,
Veradis,Egle,vegle1d@technorati.com,7,Interdisciplinary Studies,,,
Vergil,Nelle,vnellees@reuters.com,9,Philiosophy,,Music,
Verine,Cleary,vclearyna@jigsy.com,9,Philiosophy,,Music,
Vic,Calam,vcalammo@wikia.com,11,Computer Science,,,
Vickie,MacGregor,vmacgregor9a@soup.io,9,Philiosophy,,Music,

-Group 158-        6 students
Victoir,Chrichton,vchrichtonfu@zdnet.com,4,Journalism,History,,
Victor,Kloisner,vkloisneri0@jugem.jp,14,Computer Engineering,,,
Vinni,Vasechkin,vvasechkin7n@moonfruit.com,13,Psychology,,,
Violet,Braker,vbrakerbq@wisc.edu,4,Journalism,,History,
Virgie,Thirwell,vthirwell85@theglobeandmail.com,3,Finance,,,
Vonnie,Bett,vbettbv@edublogs.org,11,Philiosophy,,,

-Group 159-        6 students
Wade,Denny,wdennyx@smh.com.au,10,African American Studies,,,
Waite,Fidian,wfidianbw@ftc.gov,9,Physics,,Music,Mathematics
Wakefield,Pleager,wpleager4u@gravatar.com,1,Journalism,,,
Walther,McRobbie,wmcrobbiefz@accuweather.com,15,Physics,,,
Waneta,Cammiemile,wcammiemilec9@histats.com,5,Chemistry,Women & Gender Studies,African American Studies,
Ware,Winthrop,wwinthrop4v@geocities.com,8,Mathematics,,Journalism,

-Group 160-        6 students
Waylan,Williamson,wwilliamsonpn@taobao.com,6,Computer Science,,,
Welby,Tampion,wtampiony@smugmug.com,1,Anthropology,,Women & Gender Studies,
Wells,MacFayden,wmacfayden4p@google.it,15,Finance,,,
Wendi,Zapatero,wzapaterorq@opera.com,4,History,Health & Exercise Science,,
Wendy,Arrault,warraultaa@chronoengine.com,11,Statistics,,,
Westbrooke,Roseman,wrosemanon@homestead.com,5,Journalism,Interdisciplinary Studies,,

-Group 161-        6 students
Whitney,Shine,wshineg7@statcounter.com,3,Chemistry,,,
Wildon,Lindenstrauss,wlindenstraussk9@free.fr,11,Biology,,,
Wildon,Lorimer,wlorimerbl@omniture.com,15,Finance,,,
Wilek,Bedome,wbedomeot@issuu.com,3,Finance,Economics,,
Wilhelm,Aronsohn,waronsohnpp@umich.edu,2,Computer Science,Communication Studies,,
Wilhelm,Levane,wlevaneee@boston.com,10,Accounting,,Psychology,

-Group 162-        6 students
Willem,Verny,wverny12@vinaora.com,15,Chemistry,,,
Willi,Larman,wlarman7c@bluehost.com,4,History,,Criminology,
Willi,Damp,wdampnp@squidoo.com,9,Philiosophy,,Music,
Willie,Mitcheson,wmitcheson22@angelfire.com,15,Electrical Engineering,,,
Winfred,Fildes,wfildes8t@360.cn,5,Chemistry,Women & Gender Studies,Anthropology,
Winne,Balderstone,wbalderstone6k@businesswire.com,4,Journalism,,History,

-Group 163-        6 students
Winnifred,La Grange,wlagrangekt@sourceforge.net,10,Accounting,,Psychology,
Winona,Gossage,wgossagebt@tinypic.com,5,Music,Mathematics,,
Wolfie,Milbourne,wmilbournedp@google.com,15,Sociology,,,
Woodie,Yabsley,wyabsley8y@state.gov,12,Electrical Engineering,,,
Woody,Chomley,wchomleypr@hao123.com,12,Computer Science,,,
Worth,Lewisham,wlewishamlf@ning.com,6,Computer Science,,,

-Group 164-        6 students
Worthington,Buffy,wbuffy7x@nps.gov,1,Biomedical Engineering,Anthropology,Accounting,
Wynne,Shwalbe,wshwalbee2@pen.io,3,History,,,
Xenia,Lowther,xlowtherf0@digg.com,11,Biology,,Statistics,
Ximenes,St. Aubyn,xstaubyne0@hatena.ne.jp,3,English,,Computer Science,
Yancy,Ellsom,yellsomh@virginia.edu,7,Interactive Mulitmedia,,English,
Yardley,Revely,yrevelyns@ibm.com,5,Sociology,Psychology,,

-Group 165-        5 students
Yule,Betty,ybetty2o@japanpost.jp,1,Anthropology,,Women & Gender Studies,
Zahara,Cartmer,zcartmer3l@163.com,1,Biology,African American Studies,Accounting,
Zedekiah,Filby,zfilbygy@ucla.edu,7,Finance,,,
Zelda,Danielczyk,zdanielczykl5@noaa.gov,12,Mechanical Engineering,,,
Zelma,Archdeckne,zarchdecknecx@cnbc.com,3,Economics,Computer Science,,

-Group 166-        5 students
Zilvia,Shambrook,zshambrook66@so-net.ne.jp,1,Biology,Anthropology,,
Zoe,Simeons,zsimeonsj@1und1.de,5,Journalism,Interdisciplinary Studies,,
Zonnya,Lodewick,zlodewick3y@ebay.com,14,Interdisciplinary Studies,,,
Zsa zsa,Wentworth,zwentworth7i@homestead.com,8,Music,,Journalism,
Zulema,Matzaitis,zmatzaitisnl@nps.gov,4,History,,Finance,

